model,variable,lead_12h,lead_24h,lead_36h,lead_48h
PanguWeather,Geopotential 500 hPa,0.0005110261,0.00057211664,0.0006129302,0.00064291304
PanguWeather,Temperature 850 hPa,0.001738207,0.001857198,0.0019133589,0.0019864948
PanguWeather,Specific Humidity 700 hPa,0.11884877,0.1264445,0.1414999,0.14536586
PanguWeather,Wind Vector 850 hPa,0.82229894,0.9011794,0.9605184,1.017553
FourcastNet,Geopotential 500 hPa,0.0006194125,0.0006964926,0.00086031447,0.00097137416
FourcastNet,Temperature 850 hPa,0.0019637772,0.0020520755,0.00211992,0.002148085
FourcastNet,Specific Humidity 700 hPa,0.12503588,0.13857725,0.15066834,0.15997806
FourcastNet,Wind Vector 850 hPa,0.89665556,0.98889977,1.0697824,1.1410161
AIFS,Geopotential 500 hPa,0.0023663102,0.0022022214,0.0024021545,0.0022012661
AIFS,Temperature 850 hPa,0.003551023,0.0033793037,0.0035916357,0.003440399
AIFS,Specific Humidity 700 hPa,0.23146774,0.23306412,0.23619516,0.24162625
AIFS,Wind Vector 850 hPa,1.7937211,1.8162975,1.856357,1.9200445
Graphcast,Geopotential 500 hPa,0.00056031777,0.0007659529,0.00076741586,0.0008670212
Graphcast,Temperature 850 hPa,0.0016121034,0.001737411,0.0018461441,0.0020136312
Graphcast,Specific Humidity 700 hPa,0.11601412,0.12472138,0.14009401,0.14785388
Graphcast,Wind Vector 850 hPa,0.7798754,0.86216235,0.97004205,1.0235229
Aurora,Geopotential 500 hPa,0.0006834684,0.0009145828,0.0010017481,0.0010136388
Aurora,Temperature 850 hPa,0.0017258849,0.0018671126,0.0019522959,0.0020328274
Aurora,Specific Humidity 700 hPa,0.117936164,0.12573364,0.13796735,0.14751823
Aurora,Wind Vector 850 hPa,0.9043017,0.9991733,1.0490954,1.1025126
